Supplementary Table 3: 96-well oligonucleotides used for PETRI-seq barcoding,,,,,,,
Round 1 RT: BC Number,Oligo Sequence,,Round 2 Ligation: BC Number,Oligo Sequence,,Round 3 Ligation: BC Number,Oligo Sequence
1,/5Phos/GCCAGACAGAGAANNNNNN,,1,/5Phos/GCTTCGCGACCTTACCTCCTAC,,1,AGAATACACGACGCTCTTCCGATCTNNNNNNNGTGTGAAGGTCCTTG
2,/5Phos/GCCAGACCAGGAANNNNNN,,2,/5Phos/GCTTCGCAGAGTGACCTCCTAC,,2,AGAATACACGACGCTCTTCCGATCTNNNNNNNTTGGTGAGGTCCTTG
3,/5Phos/GCCAGACTCCGAANNNNNN,,3,/5Phos/GCTTCGCTGACTCACCTCCTAC,,3,AGAATACACGACGCTCTTCCGATCTNNNNNNNGTCACAAGGTCCTTG
4,/5Phos/GCCAGACGTTGAANNNNNN,,4,/5Phos/GCTTCGCGCCTGTACCTCCTAC,,4,AGAATACACGACGCTCTTCCGATCTNNNNNNNGCGATAAGGTCCTTG
5,/5Phos/GCCAGACCTACAANNNNNN,,5,/5Phos/GCTTCGCGTAGTCACCTCCTAC,,5,AGAATACACGACGCTCTTCCGATCTNNNNNNNTACAGCAGGTCCTTG
6,/5Phos/GCCAGACTGTCAANNNNNN,,6,/5Phos/GCTTCGCTGGCGAACCTCCTAC,,6,AGAATACACGACGCTCTTCCGATCTNNNNNNNTAGGCAAGGTCCTTG
7,/5Phos/GCCAGACGCATAANNNNNN,,7,/5Phos/GCTTCGCGCTGCTACCTCCTAC,,7,AGAATACACGACGCTCTTCCGATCTNNNNNNNAACGTGAGGTCCTTG
8,/5Phos/GCCAGACAAGAGANNNNNN,,8,/5Phos/GCTTCGCACCAGAACCTCCTAC,,8,AGAATACACGACGCTCTTCCGATCTNNNNNNNGGTTCAAGGTCCTTG
9,/5Phos/GCCAGACTGCAGANNNNNN,,9,/5Phos/GCTTCGCGGTTCAACCTCCTAC,,9,AGAATACACGACGCTCTTCCGATCTNNNNNNNGAGAAGAGGTCCTTG
10,/5Phos/GCCAGACGAACGANNNNNN,,10,/5Phos/GCTTCGCGGACAGACCTCCTAC,,10,AGAATACACGACGCTCTTCCGATCTNNNNNNNCGCGATAGGTCCTTG
11,/5Phos/GCCAGACTTGTGANNNNNN,,11,/5Phos/GCTTCGCCATGGTACCTCCTAC,,11,AGAATACACGACGCTCTTCCGATCTNNNNNNNAAGTCGAGGTCCTTG
12,/5Phos/GCCAGACCGTTGANNNNNN,,12,/5Phos/GCTTCGCACGGAGACCTCCTAC,,12,AGAATACACGACGCTCTTCCGATCTNNNNNNNCCAGCTAGGTCCTTG
13,/5Phos/GCCAGACGGAACANNNNNN,,13,/5Phos/GCTTCGCCTAACGACCTCCTAC,,13,AGAATACACGACGCTCTTCCGATCTNNNNNNNCCGAATAGGTCCTTG
14,/5Phos/GCCAGACCTCACANNNNNN,,14,/5Phos/GCTTCGCTCCGTAACCTCCTAC,,14,AGAATACACGACGCTCTTCCGATCTNNNNNNNTCAGGAAGGTCCTTG
15,/5Phos/GCCAGACACTACANNNNNN,,15,/5Phos/GCTTCGCCACTCAACCTCCTAC,,15,AGAATACACGACGCTCTTCCGATCTNNNNNNNGACGGAAGGTCCTTG
16,/5Phos/GCCAGACTAAGCANNNNNN,,16,/5Phos/GCTTCGCCAGAGAACCTCCTAC,,16,AGAATACACGACGCTCTTCCGATCTNNNNNNNCACACGAGGTCCTTG
17,/5Phos/GCCAGACGAGTCANNNNNN,,17,/5Phos/GCTTCGCTGCACTACCTCCTAC,,17,AGAATACACGACGCTCTTCCGATCTNNNNNNNATGAGGAGGTCCTTG
18,/5Phos/GCCAGACGCGATANNNNNN,,18,/5Phos/GCTTCGCATGAGGACCTCCTAC,,18,AGAATACACGACGCTCTTCCGATCTNNNNNNNCTGCAGAGGTCCTTG
19,/5Phos/GCCAGACATGGTANNNNNN,,19,/5Phos/GCTTCGCACGCGTACCTCCTAC,,19,AGAATACACGACGCTCTTCCGATCTNNNNNNNACCAGAAGGTCCTTG
20,/5Phos/GCCAGACACACTANNNNNN,,20,/5Phos/GCTTCGCATCGCCACCTCCTAC,,20,AGAATACACGACGCTCTTCCGATCTNNNNNNNATAGCGAGGTCCTTG
21,/5Phos/GCCAGACTACCTANNNNNN,,21,/5Phos/GCTTCGCGTCGAGACCTCCTAC,,21,AGAATACACGACGCTCTTCCGATCTNNNNNNNGTGGCTAGGTCCTTG
22,/5Phos/GCCAGACTTGAAGNNNNNN,,22,/5Phos/GCTTCGCTTGACCACCTCCTAC,,22,AGAATACACGACGCTCTTCCGATCTNNNNNNNGGACAGAGGTCCTTG
23,/5Phos/GCCAGACGACAAGNNNNNN,,23,/5Phos/GCTTCGCTCAAGGACCTCCTAC,,23,AGAATACACGACGCTCTTCCGATCTNNNNNNNCGTAGCAGGTCCTTG
24,/5Phos/GCCAGACAGTAAGNNNNNN,,24,/5Phos/GCTTCGCAGTCCTACCTCCTAC,,24,AGAATACACGACGCTCTTCCGATCTNNNNNNNGAGCGTAGGTCCTTG
25,/5Phos/GCCAGACACGTAGNNNNNN,,25,/5Phos/GCTTCGCATCCTGACCTCCTAC,,25,AGAATACACGACGCTCTTCCGATCTNNNNNNNCGTCCTAGGTCCTTG
26,/5Phos/GCCAGACCTCTAGNNNNNN,,26,/5Phos/GCTTCGCAGGACAACCTCCTAC,,26,AGAATACACGACGCTCTTCCGATCTNNNNNNNCCTACAAGGTCCTTG
27,/5Phos/GCCAGACACAAGGNNNNNN,,27,/5Phos/GCTTCGCCACGTCACCTCCTAC,,27,AGAATACACGACGCTCTTCCGATCTNNNNNNNTCCATGAGGTCCTTG
28,/5Phos/GCCAGACAATCGGNNNNNN,,28,/5Phos/GCTTCGCGCTTAGACCTCCTAC,,28,AGAATACACGACGCTCTTCCGATCTNNNNNNNTGGAACAGGTCCTTG
29,/5Phos/GCCAGACCAATGGNNNNNN,,29,/5Phos/GCTTCGCGCCAACACCTCCTAC,,29,AGAATACACGACGCTCTTCCGATCTNNNNNNNACAACCAGGTCCTTG
30,/5Phos/GCCAGACTATACGNNNNNN,,30,/5Phos/GCTTCGCTTCGGTACCTCCTAC,,30,AGAATACACGACGCTCTTCCGATCTNNNNNNNCCATTCAGGTCCTTG
31,/5Phos/GCCAGACATAGCGNNNNNN,,31,/5Phos/GCTTCGCGAGAAGACCTCCTAC,,31,AGAATACACGACGCTCTTCCGATCTNNNNNNNCAGAGAAGGTCCTTG
32,/5Phos/GCCAGACTGATCGNNNNNN,,32,/5Phos/GCTTCGCCAGTTGACCTCCTAC,,32,AGAATACACGACGCTCTTCCGATCTNNNNNNNTGGTCTAGGTCCTTG
33,/5Phos/GCCAGACAACTCGNNNNNN,,33,/5Phos/GCTTCGCTCAGACACCTCCTAC,,33,AGAATACACGACGCTCTTCCGATCTNNNNNNNAGAGACAGGTCCTTG
34,/5Phos/GCCAGACCGAATGNNNNNN,,34,/5Phos/GCTTCGCCTTGACACCTCCTAC,,34,AGAATACACGACGCTCTTCCGATCTNNNNNNNTCACACAGGTCCTTG
35,/5Phos/GCCAGACTCCATGNNNNNN,,35,/5Phos/GCTTCGCCCGGTTACCTCCTAC,,35,AGAATACACGACGCTCTTCCGATCTNNNNNNNCACTACAGGTCCTTG
36,/5Phos/GCCAGACGTTATGNNNNNN,,36,/5Phos/GCTTCGCGATGTGACCTCCTAC,,36,AGAATACACGACGCTCTTCCGATCTNNNNNNNGGTGTTAGGTCCTTG
37,/5Phos/GCCAGACCATGTGNNNNNN,,37,/5Phos/GCTTCGCCTGGCAACCTCCTAC,,37,AGAATACACGACGCTCTTCCGATCTNNNNNNNGGCTTGAGGTCCTTG
38,/5Phos/GCCAGACTTACTGNNNNNN,,38,/5Phos/GCTTCGCGAACCAACCTCCTAC,,38,AGAATACACGACGCTCTTCCGATCTNNNNNNNGAATGGAGGTCCTTG
39,/5Phos/GCCAGACTAGTTGNNNNNN,,39,/5Phos/GCTTCGCCAAGAGACCTCCTAC,,39,AGAATACACGACGCTCTTCCGATCTNNNNNNNGTAGGCAGGTCCTTG
40,/5Phos/GCCAGACTCGCATNNNNNN,,40,/5Phos/GCTTCGCGCTCGAACCTCCTAC,,40,AGAATACACGACGCTCTTCCGATCTNNNNNNNTCTCCGAGGTCCTTG
41,/5Phos/GCCAGACCGCAATNNNNNN,,41,/5Phos/GCTTCGCCGCATAACCTCCTAC,,41,AGAATACACGACGCTCTTCCGATCTNNNNNNNAGCTCCAGGTCCTTG
42,/5Phos/GCCAGACGCTAATNNNNNN,,42,/5Phos/GCTTCGCCGGAACACCTCCTAC,,42,AGAATACACGACGCTCTTCCGATCTNNNNNNNCCTGACAGGTCCTTG
43,/5Phos/GCCAGACATCCATNNNNNN,,43,/5Phos/GCTTCGCCCTTGCACCTCCTAC,,43,AGAATACACGACGCTCTTCCGATCTNNNNNNNGGAAGAAGGTCCTTG
44,/5Phos/GCCAGACCTGAGTNNNNNN,,44,/5Phos/GCTTCGCCCACATACCTCCTAC,,44,AGAATACACGACGCTCTTCCGATCTNNNNNNNATCCGCAGGTCCTTG
45,/5Phos/GCCAGACTTCGGTNNNNNN,,45,/5Phos/GCTTCGCCAACGCACCTCCTAC,,45,AGAATACACGACGCTCTTCCGATCTNNNNNNNGCCTGTAGGTCCTTG
46,/5Phos/GCCAGACGATGGTNNNNNN,,46,/5Phos/GCTTCGCCCAATCACCTCCTAC,,46,AGAATACACGACGCTCTTCCGATCTNNNNNNNTGGCGAAGGTCCTTG
47,/5Phos/GCCAGACAGACGTNNNNNN,,47,/5Phos/GCTTCGCCGTAGGACCTCCTAC,,47,AGAATACACGACGCTCTTCCGATCTNNNNNNNGCAGTGAGGTCCTTG
48,/5Phos/GCCAGACCTTCTTNNNNNN,,48,/5Phos/GCTTCGCTGTGAGACCTCCTAC,,48,AGAATACACGACGCTCTTCCGATCTNNNNNNNGAACCAAGGTCCTTG
49,/5Phos/GCCAGAGACGGAANNNNNN,,49,/5Phos/GCTTCGCACTGGTTCCTCCTAC,,49,AGAATACACGACGCTCTTCCGATCTNNNNNNNTAGGAGTGGTCCTTG
50,/5Phos/GCCAGAGCTCGAANNNNNN,,50,/5Phos/GCTTCGCAAGCGATCCTCCTAC,,50,AGAATACACGACGCTCTTCCGATCTNNNNNNNCTGGACTGGTCCTTG
51,/5Phos/GCCAGAGTCACAANNNNNN,,51,/5Phos/GCTTCGCGGCCATTCCTCCTAC,,51,AGAATACACGACGCTCTTCCGATCTNNNNNNNGTTCGCTGGTCCTTG
52,/5Phos/GCCAGAGAACCAANNNNNN,,52,/5Phos/GCTTCGCAACGAGTCCTCCTAC,,52,AGAATACACGACGCTCTTCCGATCTNNNNNNNTTGCCTTGGTCCTTG
53,/5Phos/GCCAGAGCGATAANNNNNN,,53,/5Phos/GCTTCGCACCATCTCCTCCTAC,,53,AGAATACACGACGCTCTTCCGATCTNNNNNNNATCACCTGGTCCTTG
54,/5Phos/GCCAGAGGTGTAANNNNNN,,54,/5Phos/GCTTCGCCATTGGTCCTCCTAC,,54,AGAATACACGACGCTCTTCCGATCTNNNNNNNAATGCCTGGTCCTTG
55,/5Phos/GCCAGAGAGAAGANNNNNN,,55,/5Phos/GCTTCGCGAGTCATCCTCCTAC,,55,AGAATACACGACGCTCTTCCGATCTNNNNNNNGGAATGTGGTCCTTG
56,/5Phos/GCCAGAGTCGAGANNNNNN,,56,/5Phos/GCTTCGCCGCTAATCCTCCTAC,,56,AGAATACACGACGCTCTTCCGATCTNNNNNNNGCGGATTGGTCCTTG
57,/5Phos/GCCAGAGGACAGANNNNNN,,57,/5Phos/GCTTCGCATCCACTCCTCCTAC,,57,AGAATACACGACGCTCTTCCGATCTNNNNNNNCTGTGGTGGTCCTTG
58,/5Phos/GCCAGAGCTTAGANNNNNN,,58,/5Phos/GCTTCGCGATCAGTCCTCCTAC,,58,AGAATACACGACGCTCTTCCGATCTNNNNNNNCGATCCTGGTCCTTG
59,/5Phos/GCCAGAGAATGGANNNNNN,,59,/5Phos/GCTTCGCAGAGACTCCTCCTAC,,59,AGAATACACGACGCTCTTCCGATCTNNNNNNNTAAGGCTGGTCCTTG
60,/5Phos/GCCAGAGTTCCGANNNNNN,,60,/5Phos/GCTTCGCGCACAATCCTCCTAC,,60,AGAATACACGACGCTCTTCCGATCTNNNNNNNGCCACTTGGTCCTTG
61,/5Phos/GCCAGAGCAGTGANNNNNN,,61,/5Phos/GCTTCGCGTGTAGTCCTCCTAC,,61,AGAATACACGACGCTCTTCCGATCTNNNNNNNGGCCATTGGTCCTTG
62,/5Phos/GCCAGAGCCAACANNNNNN,,62,/5Phos/GCTTCGCAGCTCGTCCTCCTAC,,62,AGAATACACGACGCTCTTCCGATCTNNNNNNNACGAGTTGGTCCTTG
63,/5Phos/GCCAGAGATGACANNNNNN,,63,/5Phos/GCTTCGCAGGCAGTCCTCCTAC,,63,AGAATACACGACGCTCTTCCGATCTNNNNNNNCGAGGTTGGTCCTTG
64,/5Phos/GCCAGAGTGTACANNNNNN,,64,/5Phos/GCTTCGCCAAGCATCCTCCTAC,,64,AGAATACACGACGCTCTTCCGATCTNNNNNNNTTCTGCTGGTCCTTG
65,/5Phos/GCCAGAGGTACCANNNNNN,,65,/5Phos/GCTTCGCTCCACATCCTCCTAC,,65,AGAATACACGACGCTCTTCCGATCTNNNNNNNCAGGCTTGGTCCTTG
66,/5Phos/GCCAGAGTACTCANNNNNN,,66,/5Phos/GCTTCGCTAGAGGTCCTCCTAC,,66,AGAATACACGACGCTCTTCCGATCTNNNNNNNTCCGGTTGGTCCTTG
67,/5Phos/GCCAGAGCGCATANNNNNN,,67,/5Phos/GCTTCGCGTCAGGTCCTCCTAC,,67,AGAATACACGACGCTCTTCCGATCTNNNNNNNATGGCATGGTCCTTG
68,/5Phos/GCCAGAGTAGGTANNNNNN,,68,/5Phos/GCTTCGCCGAGGTTCCTCCTAC,,68,AGAATACACGACGCTCTTCCGATCTNNNNNNNTGCGTGTGGTCCTTG
69,/5Phos/GCCAGAGCCTGTANNNNNN,,69,/5Phos/GCTTCGCAGTCGCTCCTCCTAC,,69,AGAATACACGACGCTCTTCCGATCTNNNNNNNGCGTTGTGGTCCTTG
70,/5Phos/GCCAGAGCAACTANNNNNN,,70,/5Phos/GCTTCGCGAGGACTCCTCCTAC,,70,AGAATACACGACGCTCTTCCGATCTNNNNNNNGGTGAATGGTCCTTG
71,/5Phos/GCCAGAGAGGCTANNNNNN,,71,/5Phos/GCTTCGCTGCAACTCCTCCTAC,,71,AGAATACACGACGCTCTTCCGATCTNNNNNNNGAGAGCTGGTCCTTG
72,/5Phos/GCCAGAGACCTTANNNNNN,,72,/5Phos/GCTTCGCGTAACCTCCTCCTAC,,72,AGAATACACGACGCTCTTCCGATCTNNNNNNNACTCTGTGGTCCTTG
73,/5Phos/GCCAGAGAAGAAGNNNNNN,,73,/5Phos/GCTTCGCATCGGATCCTCCTAC,,73,AGAATACACGACGCTCTTCCGATCTNNNNNNNGATCCTTGGTCCTTG
74,/5Phos/GCCAGAGCCTAAGNNNNNN,,74,/5Phos/GCTTCGCTAACCGTCCTCCTAC,,74,AGAATACACGACGCTCTTCCGATCTNNNNNNNAGCCGATGGTCCTTG
75,/5Phos/GCCAGAGTGAGAGNNNNNN,,75,/5Phos/GCTTCGCCCTGAATCCTCCTAC,,75,AGAATACACGACGCTCTTCCGATCTNNNNNNNACCGACTGGTCCTTG
76,/5Phos/GCCAGAGATACAGNNNNNN,,76,/5Phos/GCTTCGCCACCTGTCCTCCTAC,,76,AGAATACACGACGCTCTTCCGATCTNNNNNNNAACAGGTGGTCCTTG
77,/5Phos/GCCAGAGGATCAGNNNNNN,,77,/5Phos/GCTTCGCCCGTGATCCTCCTAC,,77,AGAATACACGACGCTCTTCCGATCTNNNNNNNAGGATCTGGTCCTTG
78,/5Phos/GCCAGAGAGCTAGNNNNNN,,78,/5Phos/GCTTCGCGGTAGTTCCTCCTAC,,78,AGAATACACGACGCTCTTCCGATCTNNNNNNNGCACGTTGGTCCTTG
79,/5Phos/GCCAGAGATCAGGNNNNNN,,79,/5Phos/GCTTCGCCGTATCTCCTCCTAC,,79,AGAATACACGACGCTCTTCCGATCTNNNNNNNGAGCAATGGTCCTTG
80,/5Phos/GCCAGAGTAACGGNNNNNN,,80,/5Phos/GCTTCGCGTTGCATCCTCCTAC,,80,AGAATACACGACGCTCTTCCGATCTNNNNNNNGGTACCTGGTCCTTG
81,/5Phos/GCCAGAGGTATGGNNNNNN,,81,/5Phos/GCTTCGCAAGACCTCCTCCTAC,,81,AGAATACACGACGCTCTTCCGATCTNNNNNNNCTAGTGTGGTCCTTG
82,/5Phos/GCCAGAGACATCGNNNNNN,,82,/5Phos/GCTTCGCTGGTCTTCCTCCTAC,,82,AGAATACACGACGCTCTTCCGATCTNNNNNNNTCAGCGTGGTCCTTG
83,/5Phos/GCCAGAGTTGTCGNNNNNN,,83,/5Phos/GCTTCGCTACCGTTCCTCCTAC,,83,AGAATACACGACGCTCTTCCGATCTNNNNNNNTGGAGGTGGTCCTTG
84,/5Phos/GCCAGAGCATTCGNNNNNN,,84,/5Phos/GCTTCGCTCTGCCTCCTCCTAC,,84,AGAATACACGACGCTCTTCCGATCTNNNNNNNCGCTAGTGGTCCTTG
85,/5Phos/GCCAGAGGCAATGNNNNNN,,85,/5Phos/GCTTCGCCCGAAGTCCTCCTAC,,85,AGAATACACGACGCTCTTCCGATCTNNNNNNNCTGCTATGGTCCTTG
86,/5Phos/GCCAGAGTGGATGNNNNNN,,86,/5Phos/GCTTCGCCTCGCTTCCTCCTAC,,86,AGAATACACGACGCTCTTCCGATCTNNNNNNNTCGACATGGTCCTTG
87,/5Phos/GCCAGAGCTAGTGNNNNNN,,87,/5Phos/GCTTCGCAGGTTCTCCTCCTAC,,87,AGAATACACGACGCTCTTCCGATCTNNNNNNNAGGCAGTGGTCCTTG
88,/5Phos/GCCAGAGAACGTGNNNNNN,,88,/5Phos/GCTTCGCTCTCGGTCCTCCTAC,,88,AGAATACACGACGCTCTTCCGATCTNNNNNNNACATGGTGGTCCTTG
89,/5Phos/GCCAGAGTCTCTGNNNNNN,,89,/5Phos/GCTTCGCGGCGTATCCTCCTAC,,89,AGAATACACGACGCTCTTCCGATCTNNNNNNNACGTCCTGGTCCTTG
90,/5Phos/GCCAGAGACCAATNNNNNN,,90,/5Phos/GCTTCGCAGAAGGTCCTCCTAC,,90,AGAATACACGACGCTCTTCCGATCTNNNNNNNCAGTTCTGGTCCTTG
91,/5Phos/GCCAGAGCATGATNNNNNN,,91,/5Phos/GCTTCGCACGGCATCCTCCTAC,,91,AGAATACACGACGCTCTTCCGATCTNNNNNNNCAACGGTGGTCCTTG
92,/5Phos/GCCAGAGTCTGGTNNNNNN,,92,/5Phos/GCTTCGCCTGAGCTCCTCCTAC,,92,AGAATACACGACGCTCTTCCGATCTNNNNNNNCGCACATGGTCCTTG
93,/5Phos/GCCAGAGCTACGTNNNNNN,,93,/5Phos/GCTTCGCATGGTGTCCTCCTAC,,93,AGAATACACGACGCTCTTCCGATCTNNNNNNNGGTTGGTGGTCCTTG
94,/5Phos/GCCAGAGAAGCGTNNNNNN,,94,/5Phos/GCTTCGCCGATCCTCCTCCTAC,,94,AGAATACACGACGCTCTTCCGATCTNNNNNNNCCAGAATGGTCCTTG
95,/5Phos/GCCAGAGTGCTGTNNNNNN,,95,/5Phos/GCTTCGCCCAACTTCCTCCTAC,,95,AGAATACACGACGCTCTTCCGATCTNNNNNNNCTTCCGTGGTCCTTG
96,/5Phos/GCCAGAGTAGACTNNNNNN,,96,/5Phos/GCTTCGCGTGCTCTCCTCCTAC,,96,AGAATACACGACGCTCTTCCGATCTNNNNNNNGCATACTGGTCCTTG